번호,키,장면,대본 감정,대사,시선,동선,호흡,동작,감정 세기(1-5),메모
001,welcome,시작 · 친구 초대,따뜻하게,시티 도미니언에 온 걸 환영해!,,,,,,
002,adventure_start,시작 · 친구 초대,설레게,"우리만의 도시 여행, 시작해 볼까?",,,,,,
003,room_created,시작 · 친구 초대,친근하게,방이 만들어졌어! 친구들을 초대해 줘.,,,,,,
004,player_joined,시작 · 친구 초대,반갑게,새로운 친구가 도착했어!,,,,,,
005,waiting_friends,시작 · 친구 초대,편안하게,친구들을 기다리고 있어.,,,,,,
006,party_ready,시작 · 친구 초대,활기차게,모두 준비됐어? 함께 출발하자!,,,,,,
007,game_start,시작 · 친구 초대,힘 있게,주사위 하나로 시작되는 도시 모험!,,,,,,
008,my_turn_01,내 턴 · 주사위,경쾌하게,내 차례야!,,,,,,
009,my_turn_02,내 턴 · 주사위,기대하며,"자, 이번엔 어디로 갈까?",,,,,,
010,my_turn_03,내 턴 · 주사위,응원하며,멋진 한 수를 보여 줘!,,,,,,
011,choose_tactic,내 턴 · 주사위,또렷하게,이번 차례의 작전을 골라 줘!,,,,,,
012,roll_ready,내 턴 · 주사위,유쾌하게,준비됐으면 주사위를 굴려 줘!,,,,,,
013,dice_air,내 턴 · 주사위,상승감 있게,"높이 날아라, 주사위!",,,,,,
014,dice_tumble,내 턴 · 주사위,장난스럽게,데굴데굴! 어디에 멈출까?,,,,,,
015,dice_land,내 턴 · 주사위,명확하게,착지! 숫자를 확인해 봐!,,,,,,
016,double_01,내 턴 · 주사위,신나게,더블! 한 번 더 굴릴 수 있어!,,,,,,
017,double_02,내 턴 · 주사위,놀라며,또 더블이야! 행운이 따라오네!,,,,,,
018,turn_end,내 턴 · 주사위,산뜻하게,좋아! 다음 친구의 차례야.,,,,,,
019,dice_face_1,주사위 숫자 — 각각 따로 녹음,또렷하고 경쾌하게,하나!,,,,,,
020,dice_face_2,주사위 숫자 — 각각 따로 녹음,또렷하고 경쾌하게,둘!,,,,,,
021,dice_face_3,주사위 숫자 — 각각 따로 녹음,또렷하고 경쾌하게,셋!,,,,,,
022,dice_face_4,주사위 숫자 — 각각 따로 녹음,또렷하고 경쾌하게,넷!,,,,,,
023,dice_face_5,주사위 숫자 — 각각 따로 녹음,또렷하고 경쾌하게,다섯!,,,,,,
024,dice_face_6,주사위 숫자 — 각각 따로 녹음,또렷하고 경쾌하게,여섯!,,,,,,
025,dice_total_2,주사위 숫자 — 각각 따로 녹음,숫자를 분명하게,합해서 두 칸!,,,,,,
026,dice_total_3,주사위 숫자 — 각각 따로 녹음,숫자를 분명하게,합해서 세 칸!,,,,,,
027,dice_total_4,주사위 숫자 — 각각 따로 녹음,숫자를 분명하게,합해서 네 칸!,,,,,,
028,dice_total_5,주사위 숫자 — 각각 따로 녹음,숫자를 분명하게,합해서 다섯 칸!,,,,,,
029,dice_total_6,주사위 숫자 — 각각 따로 녹음,숫자를 분명하게,합해서 여섯 칸!,,,,,,
030,dice_total_7,주사위 숫자 — 각각 따로 녹음,숫자를 분명하게,합해서 일곱 칸!,,,,,,
031,dice_total_8,주사위 숫자 — 각각 따로 녹음,숫자를 분명하게,합해서 여덟 칸!,,,,,,
032,dice_total_9,주사위 숫자 — 각각 따로 녹음,숫자를 분명하게,합해서 아홉 칸!,,,,,,
033,dice_total_10,주사위 숫자 — 각각 따로 녹음,숫자를 분명하게,합해서 열 칸!,,,,,,
034,dice_total_11,주사위 숫자 — 각각 따로 녹음,숫자를 분명하게,합해서 열한 칸!,,,,,,
035,dice_total_12,주사위 숫자 — 각각 따로 녹음,숫자를 분명하게,합해서 열두 칸!,,,,,,
036,move_01,이동 · 매입 · 건설,짧고 힘 있게,출발!,,,,,,
037,move_02,이동 · 매입 · 건설,기대하며,새로운 도시가 기다리고 있어!,,,,,,
038,arrival,이동 · 매입 · 건설,반갑게,도착했어! 이곳을 둘러볼까?,,,,,,
039,unowned_city,이동 · 매입 · 건설,제안하듯,아직 주인이 없는 땅이야. 우리 도시로 만들어 볼까?,,,,,,
040,buy_01,이동 · 매입 · 건설,기쁘게,매입 완료! 이제 우리 땅이야!,,,,,,
041,buy_02,이동 · 매입 · 건설,뿌듯하게,새로운 도시의 주인이 됐어!,,,,,,
042,buy_03,이동 · 매입 · 건설,설레게,여기에 멋진 도시를 만들어 보자!,,,,,,
043,build,이동 · 매입 · 건설,활기차게,건설 시작! 도시가 자라나고 있어!,,,,,,
044,building_complete,이동 · 매입 · 건설,밝게,짠! 새 건물이 완성됐어!,,,,,,
045,hotel_complete,이동 · 매입 · 건설,감탄하며,호텔 완성! 도시가 더욱 근사해졌어!,,,,,,
046,own_city,이동 · 매입 · 건설,따뜻하게,우리 도시에 돌아왔네!,,,,,,
047,opponent_city,이동 · 매입 · 건설,차분하게,다른 친구의 땅이야. 통행료를 확인해 줘.,,,,,,
048,toll_received,이동 · 매입 · 건설,짧고 기쁘게,통행료가 들어왔어!,,,,,,
049,toll_paid,이동 · 매입 · 건설,가볍게,통행료를 냈어. 다음 기회를 노려 보자!,,,,,,
050,insufficient_money,이동 · 매입 · 건설,부드럽게,돈이 조금 부족해. 다른 작전을 생각해 볼까?,,,,,,
051,city_hanbat,도시 도착 안내,지명을 또렷하게,한밭수목원에 도착했어! 초록 정원을 둘러보자.,,,,,,
052,city_expo,도시 도착 안내,지명을 또렷하게,엑스포공원이야! 멋진 한빛탑이 보이네.,,,,,,
053,city_yuseong,도시 도착 안내,편안하게,유성온천에 도착했어! 따뜻한 온천에서 쉬어 갈까?,,,,,,
054,city_jangtaesan,도시 도착 안내,반갑게,장태산이야! 높이 솟은 나무들이 반겨 주네.,,,,,,
055,city_sungsimdang,도시 도착 안내,기분 좋게,성심당에 도착했어! 고소한 빵 냄새가 나는 것 같아.,,,,,,
056,city_hyangjeoksan,도시 도착 안내,산뜻하게,향적산이야! 푸른 산길을 함께 걸어 보자.,,,,,,
057,city_sindoan,도시 도착 안내,편안하게,신도안에 도착했어! 산자락 풍경이 참 평화롭네.,,,,,,
058,city_sagye,도시 도착 안내,따뜻하게,사계고택이야! 고즈넉한 한옥이 기다리고 있어.,,,,,,
059,city_gyeryong_thesharp,도시 도착 안내,반갑게,계룡더샵에 도착했어! 새로운 도시 풍경이 펼쳐지네.,,,,,,
060,city_gyeryongdae,도시 도착 안내,차분하게,계룡대에 도착했어! 주변의 산들이 든든하게 둘러싸고 있네.,,,,,,
061,city_gyeryongsan,도시 도착 안내,감탄하며,계룡산이야! 웅장한 산봉우리가 보인다!,,,,,,
062,city_donam,도시 도착 안내,다정하게,돈암서원에 도착했어! 옛 배움터를 둘러보자.,,,,,,
063,city_ganggyeong,도시 도착 안내,호기심 있게,강경거리야! 오래된 골목에서 이야기를 찾아볼까?,,,,,,
064,city_tapjeong,도시 도착 안내,감탄하며,탑정호에 도착했어! 호수 위의 다리가 멋지네.,,,,,,
065,city_gwanchoksa,도시 도착 안내,반갑게,관촉사야! 커다란 석불이 우리를 반겨 주네.,,,,,,
066,city_insadong,도시 도착 안내,설레게,인사동에 도착했어! 골목마다 멋진 작품이 가득해.,,,,,,
067,city_dongdaemun,도시 도착 안내,활기차게,동대문이야! 커다란 성문을 구경해 보자.,,,,,,
068,city_maumhwabun,도시 도착 안내,이름 중간에 짧게 호흡,북촌한옥마을 마음화분에 도착했어! 예쁜 화분들이 반겨 주네.,,,,,,
069,city_banpo,도시 도착 안내,부드럽게,반포한강이야! 강바람과 반짝이는 물빛을 느껴 봐.,,,,,,
070,city_namsan,도시 도착 안내,감탄하며,남산타워에 도착했어! 서울이 한눈에 보이네!,,,,,,
071,city_gyeongbokgung,도시 도착 안내,설레게,경복궁이야! 멋진 궁궐 여행을 시작해 보자.,,,,,,
072,item_get_01,아이템 · 주사위 강화 · 공격,놀라며,반짝! 새 아이템을 얻었어!,,,,,,
073,item_get_02,아이템 · 주사위 강화 · 공격,호기심 있게,어떤 힘이 숨어 있을까?,,,,,,
074,item_use,아이템 · 주사위 강화 · 공격,힘 있게,아이템의 힘을 보여 줘!,,,,,,
075,dice_crystal,아이템 · 주사위 강화 · 공격,기쁘게,주사위 강화 재료를 발견했어!,,,,,,
076,dice_upgrade,아이템 · 주사위 강화 · 공격,뿌듯하게,강화 성공! 주사위가 더 강해졌어!,,,,,,
077,dice_rush,아이템 · 주사위 강화 · 공격,빠르고 활기차게,질주 주사위! 힘차게 굴려 보자!,,,,,,
078,dice_steady,아이템 · 주사위 강화 · 공격,자신 있게,정밀 주사위! 침착하게 기회를 잡아 봐.,,,,,,
079,dice_lucky,아이템 · 주사위 강화 · 공격,설레게,행운 주사위! 좋은 일이 생길 것 같아!,,,,,,
080,attack,아이템 · 주사위 강화 · 공격,짧고 강하게,지금이 기회야! 공격!,,,,,,
081,attack_success,아이템 · 주사위 강화 · 공격,통쾌하게,성공! 멋진 한 수였어!,,,,,,
082,defend,아이템 · 주사위 강화 · 공격,단단하게,방어! 우리 도시를 지켜 줘!,,,,,,
083,defend_success,아이템 · 주사위 강화 · 공격,안도하며,막아냈어! 든든한 방어였어!,,,,,,
084,comeback,아이템 · 주사위 강화 · 공격,응원하며,아직 끝나지 않았어. 역전의 기회를 잡아 봐!,,,,,,
085,team_start,팀전 · 결과 · 연결 안내,힘차게,"함께하면 더 강해져! 우리 팀, 출발!",,,,,,
086,ally_city,팀전 · 결과 · 연결 안내,따뜻하게,우리 팀의 도시야! 반가운 곳에 도착했네.,,,,,,
087,ally_help,팀전 · 결과 · 연결 안내,기쁘게,든든한 팀워크야!,,,,,,
088,victory_01,팀전 · 결과 · 연결 안내,환호하며,승리! 멋진 도시를 만들어 냈어!,,,,,,
089,victory_02,팀전 · 결과 · 연결 안내,축하하며,오늘의 도시 왕은 바로 너야!,,,,,,
090,team_victory,팀전 · 결과 · 연결 안내,함께 환호하듯,우리 팀이 승리했어! 최고의 팀워크였어!,,,,,,
091,defeat,팀전 · 결과 · 연결 안내,다정하게,아쉽지만 멋진 모험이었어. 다음엔 승리를 노려 보자!,,,,,,
092,game_end,팀전 · 결과 · 연결 안내,따뜻하게,함께해서 즐거웠어! 다음 여행에서 또 만나!,,,,,,
093,reconnecting,팀전 · 결과 · 연결 안내,차분하게,연결을 확인하고 있어. 잠시만 기다려 줘.,,,,,,
094,reconnected,팀전 · 결과 · 연결 안내,안도하며,다시 연결됐어! 모험을 이어 가자.,,,,,,
095,room_full,팀전 · 결과 · 연결 안내,부드럽게,지금은 방이 가득 찼어. 새 방에서 만나자!,,,,,,
096,waiting_host,팀전 · 결과 · 연결 안내,기대하며,모두 모였어! 방장이 시작하면 출발할 거야.,,,,,,
